MSE,MAE,Direction_Accuracy,Signal_Accuracy,Total_Predictions,Buy_Signals,Sell_Signals,Hold_Signals,Signal_Rate
0.00170820721162712,0.03795585885940796,0.5365307037203048,0.4316450022411475,2231,717,1022,492,0.7794710891976692
