{
    "MSE": 0.0017050247614704308,
    "MAE": 0.03791530077567783,
    "Direction_Accuracy": 0.5365307037203048,
    "Signal_Accuracy": 0.4249215598386374,
    "Total_Predictions": 2231,
    "Buy_Signals": 667,
    "Sell_Signals": 648,
    "Hold_Signals": 916,
    "Signal_Rate": 0.5894217839533842,
    "strategy_return": 1.4989194774531018,
    "sharpe_ratio": 0.5835436872559053,
    "max_drawdown": -0.49081929054047657,
    "win_rate": 0.5148288973384031,
    "profit_factor": 1.1465810377707024,
    "precision": 0.5365307037203048,
    "recall": 1.0,
    "f1_score": 0.6983663943990666,
    "ticker": "AAPL",
    "seq_len": 10,
    "pred_length": 5,
    "threshold": 0.005
}