{
    "AAPL": {
        "seq_len": 10,
        "pred_length": 5,
        "threshold": 0.001,
        "sharpe_ratio": 0.5835436872559053,
        "direction_accuracy": 0.5365307037203048,
        "strategy_return": 1.4989194774531018,
        "win_rate": 0.5148288973384031
    }
}